{
  "POST. cvnet.cpd.ua.es/servicioweb/publicos/pub_gral.asmx" : {
    "transaction" : "POST. cvnet.cpd.ua.es/servicioweb/publicos/pub_gral.asmx",
    "sampleCount" : 736,
    "errorCount" : 40,
    "errorPct" : 5.4347825,
    "meanResTime" : 12294.646739130443,
    "medianResTime" : 6279.0,
    "minResTime" : 1169.0,
    "maxResTime" : 2074331.0,
    "pct1ResTime" : 21041.3,
    "pct2ResTime" : 22904.649999999998,
    "pct3ResTime" : 31149.359999999997,
    "throughput" : 0.2910260764900357,
    "receivedKBytesPerSec" : 678.4666322792848,
    "sentKBytesPerSec" : 0.15964297703859615
  },
  "Total" : {
    "transaction" : "Total",
    "sampleCount" : 736,
    "errorCount" : 40,
    "errorPct" : 5.4347825,
    "meanResTime" : 12294.646739130443,
    "medianResTime" : 6279.0,
    "minResTime" : 1169.0,
    "maxResTime" : 2074331.0,
    "pct1ResTime" : 21041.3,
    "pct2ResTime" : 22904.649999999998,
    "pct3ResTime" : 31149.359999999997,
    "throughput" : 0.2910260764900357,
    "receivedKBytesPerSec" : 678.4666322792848,
    "sentKBytesPerSec" : 0.15964297703859615
  }
}